<?xml version="1.0" encoding="UTF-8"?>
<record_update table="sys_db_object">
    <sys_db_object action="INSERT_OR_UPDATE">
        <access>public</access>
        <actions_access>false</actions_access>
        <alter_access>false</alter_access>
        <caller_access/>
        <client_scripts_access>false</client_scripts_access>
        <configuration_access>false</configuration_access>
        <create_access>false</create_access>
        <create_access_controls>true</create_access_controls>
        <delete_access>false</delete_access>
        <extension_model/>
        <is_extendable>false</is_extendable>
        <label>Handler</label>
        <live_feed_enabled>false</live_feed_enabled>
        <name>x_snc_aws_sns_handler</name>
        <number_ref/>
        <provider_class/>
        <read_access>true</read_access>
        <super_class/>
        <sys_class_code/>
        <sys_class_name>sys_db_object</sys_class_name>
        <sys_class_path/>
        <sys_created_by>ben.yukich</sys_created_by>
        <sys_created_on>2018-05-05 23:51:34</sys_created_on>
        <sys_id>4ec5ff0713fd5f006b9054c32244b099</sys_id>
        <sys_mod_count>0</sys_mod_count>
        <sys_name>Handler</sys_name>
        <sys_package display_value="AWS SNS" source="x_snc_aws_sns">24cd01fe13391f006b9054c32244b0f3</sys_package>
        <sys_policy/>
        <sys_scope display_value="AWS SNS">24cd01fe13391f006b9054c32244b0f3</sys_scope>
        <sys_update_name>sys_db_object_4ec5ff0713fd5f006b9054c32244b099</sys_update_name>
        <sys_updated_by>ben.yukich</sys_updated_by>
        <sys_updated_on>2018-05-05 23:51:34</sys_updated_on>
        <update_access>false</update_access>
        <user_role display_value="x_snc_aws_sns.admin" name="x_snc_aws_sns.admin">9adfef8f13bd5f006b9054c32244b06b</user_role>
        <ws_access>true</ws_access>
    </sys_db_object>
</record_update>
