<?xml version="1.0" encoding="UTF-8"?>
<record_update table="sys_embedded_help_role">
    <sys_embedded_help_role action="INSERT_OR_UPDATE">
        <order>1000</order>
        <role/>
        <sys_class_name>sys_embedded_help_role</sys_class_name>
        <sys_created_by>ben.yukich</sys_created_by>
        <sys_created_on>2018-05-05 23:20:14</sys_created_on>
        <sys_id>76deab4f13bd5f006b9054c32244b0c1</sys_id>
        <sys_mod_count>0</sys_mod_count>
        <sys_name>b2deab4f13bd5f006b9054c32244b0bf</sys_name>
        <sys_package display_value="AWS SNS" source="x_snc_aws_sns">24cd01fe13391f006b9054c32244b0f3</sys_package>
        <sys_policy/>
        <sys_scope display_value="AWS SNS">24cd01fe13391f006b9054c32244b0f3</sys_scope>
        <sys_update_name>sys_embedded_help_role_76deab4f13bd5f006b9054c32244b0c1</sys_update_name>
        <sys_updated_by>ben.yukich</sys_updated_by>
        <sys_updated_on>2018-05-05 23:20:14</sys_updated_on>
    </sys_embedded_help_role>
</record_update>
