<?xml version="1.0" encoding="UTF-8"?>
<record_update table="sys_security_acl_role">
    <sys_security_acl_role action="INSERT_OR_UPDATE">
        <sys_class_name>sys_security_acl_role</sys_class_name>
        <sys_created_by>ben.yukich</sys_created_by>
        <sys_created_on>2018-05-05 23:24:36</sys_created_on>
        <sys_id>7adf63cf13bd5f006b9054c32244b0d4</sys_id>
        <sys_mod_count>0</sys_mod_count>
        <sys_name>x_snc_aws_sns_subscription.x_snc_aws_sns.admin</sys_name>
        <sys_package display_value="AWS SNS" source="x_snc_aws_sns">24cd01fe13391f006b9054c32244b0f3</sys_package>
        <sys_policy/>
        <sys_scope display_value="AWS SNS">24cd01fe13391f006b9054c32244b0f3</sys_scope>
        <sys_security_acl display_value="x_snc_aws_sns_subscription">32df63cf13bd5f006b9054c32244b0d0</sys_security_acl>
        <sys_update_name>sys_security_acl_role_7adf63cf13bd5f006b9054c32244b0d4</sys_update_name>
        <sys_updated_by>ben.yukich</sys_updated_by>
        <sys_updated_on>2018-05-05 23:24:36</sys_updated_on>
        <sys_user_role display_value="x_snc_aws_sns.admin" name="x_snc_aws_sns.admin">9adfef8f13bd5f006b9054c32244b06b</sys_user_role>
        <transaction_id/>
    </sys_security_acl_role>
</record_update>
