<?xml version="1.0" encoding="UTF-8"?>
<record_update table="sys_ws_definition">
    <sys_ws_definition action="INSERT_OR_UPDATE">
        <active>true</active>
        <base_uri>/api/x_snc_aws_sns/aws_sns</base_uri>
        <consumes>application/json,application/xml,text/xml</consumes>
        <consumes_customized>false</consumes_customized>
        <default_version>No active default version</default_version>
        <doc_link/>
        <enforce_acl>cf9d01d3e73003009d6247e603f6a990</enforce_acl>
        <is_versioned>false</is_versioned>
        <name>AWS SNS</name>
        <namespace>x_snc_aws_sns</namespace>
        <produces>application/json,application/xml,text/xml</produces>
        <produces_customized>false</produces_customized>
        <service_id>aws_sns</service_id>
        <short_description/>
        <sys_class_name>sys_ws_definition</sys_class_name>
        <sys_created_by>ben.yukich</sys_created_by>
        <sys_created_on>2018-05-04 17:00:09</sys_created_on>
        <sys_id>61dd49fe13391f006b9054c32244b054</sys_id>
        <sys_mod_count>0</sys_mod_count>
        <sys_name>AWS SNS</sys_name>
        <sys_package display_value="AWS SNS" source="x_snc_aws_sns">24cd01fe13391f006b9054c32244b0f3</sys_package>
        <sys_policy/>
        <sys_scope display_value="AWS SNS">24cd01fe13391f006b9054c32244b0f3</sys_scope>
        <sys_update_name>sys_ws_definition_61dd49fe13391f006b9054c32244b054</sys_update_name>
        <sys_updated_by>ben.yukich</sys_updated_by>
        <sys_updated_on>2018-05-04 17:00:09</sys_updated_on>
    </sys_ws_definition>
</record_update>
