<?xml version="1.0" encoding="UTF-8"?>
<record_update table="sys_m2m">
    <sys_m2m action="INSERT_OR_UPDATE">
        <from_table>x_snc_aws_sns_subscription</from_table>
        <m2m_from_field>subscription</m2m_from_field>
        <m2m_from_label>Handlers</m2m_from_label>
        <m2m_table>x_snc_aws_sns_m2m_handlers_subscriptions</m2m_table>
        <m2m_to_field>handler</m2m_to_field>
        <m2m_to_label>Subscriptions</m2m_to_label>
        <sys_class_name>sys_m2m</sys_class_name>
        <sys_created_by>ben.yukich</sys_created_by>
        <sys_created_on>2018-05-05 23:52:44</sys_created_on>
        <sys_id>7d16774713fd5f006b9054c32244b0d0</sys_id>
        <sys_mod_count>0</sys_mod_count>
        <sys_name>x_snc_aws_sns_m2m_handlers_subscriptions</sys_name>
        <sys_package display_value="AWS SNS" source="x_snc_aws_sns">24cd01fe13391f006b9054c32244b0f3</sys_package>
        <sys_policy/>
        <sys_scope display_value="AWS SNS">24cd01fe13391f006b9054c32244b0f3</sys_scope>
        <sys_update_name>sys_m2m_7d16774713fd5f006b9054c32244b0d0</sys_update_name>
        <sys_updated_by>ben.yukich</sys_updated_by>
        <sys_updated_on>2018-05-05 23:52:44</sys_updated_on>
        <to_table>x_snc_aws_sns_handler</to_table>
    </sys_m2m>
</record_update>
