<?xml version="1.0" encoding="UTF-8"?>
<record_update table="sys_scope_privilege">
    <sys_scope_privilege action="INSERT_OR_UPDATE">
        <operation>execute</operation>
        <source_scope display_value="AWS SNS">24cd01fe13391f006b9054c32244b0f3</source_scope>
        <status>allowed</status>
        <sys_class_name>sys_scope_privilege</sys_class_name>
        <sys_created_by>ben.yukich</sys_created_by>
        <sys_created_on>2018-05-06 00:54:53</sys_created_on>
        <sys_id>2184c89313319f006b9054c32244b04c</sys_id>
        <sys_mod_count>0</sys_mod_count>
        <sys_name>GlideRecord.update</sys_name>
        <sys_package display_value="AWS SNS" source="x_snc_aws_sns">24cd01fe13391f006b9054c32244b0f3</sys_package>
        <sys_policy/>
        <sys_scope display_value="AWS SNS">24cd01fe13391f006b9054c32244b0f3</sys_scope>
        <sys_update_name>sys_scope_privilege_2184c89313319f006b9054c32244b04c</sys_update_name>
        <sys_updated_by>ben.yukich</sys_updated_by>
        <sys_updated_on>2018-05-06 00:54:53</sys_updated_on>
        <target_name>GlideRecord.update</target_name>
        <target_scope display_value="Global">global</target_scope>
        <target_type>scriptable</target_type>
    </sys_scope_privilege>
</record_update>
