<?xml version="1.0" encoding="UTF-8"?>
<record_update>
    <sys_documentation element="script" label="Script" language="en" table="x_snc_aws_sns_handler">
        <sys_documentation action="INSERT_OR_UPDATE">
            <element>script</element>
            <help/>
            <hint/>
            <label>Script</label>
            <language>en</language>
            <name>x_snc_aws_sns_handler</name>
            <plural>Scripts</plural>
            <sys_class_name>sys_documentation</sys_class_name>
            <sys_created_by>ben.yukich</sys_created_by>
            <sys_created_on>2018-05-05 23:51:36</sys_created_on>
            <sys_id>5e06f34713fd5f006b9054c32244b0e0</sys_id>
            <sys_mod_count>0</sys_mod_count>
            <sys_name>Script</sys_name>
            <sys_package display_value="AWS SNS" source="x_snc_aws_sns">24cd01fe13391f006b9054c32244b0f3</sys_package>
            <sys_policy/>
            <sys_scope display_value="AWS SNS">24cd01fe13391f006b9054c32244b0f3</sys_scope>
            <sys_update_name>sys_documentation_x_snc_aws_sns_handler_script_en</sys_update_name>
            <sys_updated_by>ben.yukich</sys_updated_by>
            <sys_updated_on>2018-05-05 23:51:36</sys_updated_on>
            <url/>
            <url_target/>
        </sys_documentation>
    </sys_documentation>
</record_update>
