<?xml version="1.0" encoding="UTF-8"?>
<record_update>
    <sys_ui_section caption="" section_id="16b2ff4313fd5f006b9054c32244b019" sys_domain="global" table="x_snc_aws_sns_subscription" version="3" view="">
        <sys_ui_element action="INSERT_OR_UPDATE">
            <element>name</element>
            <position>0</position>
            <sys_created_by>ben.yukich</sys_created_by>
            <sys_created_on>2018-05-05 23:59:55</sys_created_on>
            <sys_id>40f77bc713fd5f006b9054c32244b05c</sys_id>
            <sys_mod_count>0</sys_mod_count>
            <sys_ui_formatter/>
            <sys_ui_section caption="NULL" display_value="" name="x_snc_aws_sns_subscription" sys_domain="global" view="Default view">16b2ff4313fd5f006b9054c32244b019</sys_ui_section>
            <sys_updated_by>ben.yukich</sys_updated_by>
            <sys_updated_on>2018-05-05 23:59:55</sys_updated_on>
            <sys_user/>
            <type/>
        </sys_ui_element>
        <sys_ui_element action="INSERT_OR_UPDATE">
            <element>.split</element>
            <position>1</position>
            <sys_created_by>ben.yukich</sys_created_by>
            <sys_created_on>2018-05-05 23:59:55</sys_created_on>
            <sys_id>c4f77bc713fd5f006b9054c32244b05c</sys_id>
            <sys_mod_count>0</sys_mod_count>
            <sys_ui_formatter/>
            <sys_ui_section caption="NULL" display_value="" name="x_snc_aws_sns_subscription" sys_domain="global" view="Default view">16b2ff4313fd5f006b9054c32244b019</sys_ui_section>
            <sys_updated_by>ben.yukich</sys_updated_by>
            <sys_updated_on>2018-05-05 23:59:55</sys_updated_on>
            <sys_user/>
            <type>.split</type>
        </sys_ui_element>
        <sys_ui_element action="INSERT_OR_UPDATE">
            <element>state</element>
            <position>2</position>
            <sys_created_by>ben.yukich</sys_created_by>
            <sys_created_on>2018-05-05 23:59:55</sys_created_on>
            <sys_id>48f77bc713fd5f006b9054c32244b05c</sys_id>
            <sys_mod_count>0</sys_mod_count>
            <sys_ui_formatter/>
            <sys_ui_section caption="NULL" display_value="" name="x_snc_aws_sns_subscription" sys_domain="global" view="Default view">16b2ff4313fd5f006b9054c32244b019</sys_ui_section>
            <sys_updated_by>ben.yukich</sys_updated_by>
            <sys_updated_on>2018-05-05 23:59:55</sys_updated_on>
            <sys_user/>
            <type/>
        </sys_ui_element>
        <sys_ui_section action="INSERT_OR_UPDATE">
            <caption/>
            <header>false</header>
            <name>x_snc_aws_sns_subscription</name>
            <roles/>
            <sys_class_name>sys_ui_section</sys_class_name>
            <sys_created_by>ben.yukich</sys_created_by>
            <sys_created_on>2018-05-05 23:37:08</sys_created_on>
            <sys_domain>global</sys_domain>
            <sys_domain_path>/</sys_domain_path>
            <sys_id>16b2ff4313fd5f006b9054c32244b019</sys_id>
            <sys_mod_count>0</sys_mod_count>
            <sys_name>x_snc_aws_sns_subscription</sys_name>
            <sys_overrides/>
            <sys_package display_value="AWS SNS" source="x_snc_aws_sns">24cd01fe13391f006b9054c32244b0f3</sys_package>
            <sys_policy/>
            <sys_scope display_value="AWS SNS">24cd01fe13391f006b9054c32244b0f3</sys_scope>
            <sys_update_name>sys_ui_section_16b2ff4313fd5f006b9054c32244b019</sys_update_name>
            <sys_updated_by>ben.yukich</sys_updated_by>
            <sys_updated_on>2018-05-05 23:37:08</sys_updated_on>
            <sys_user/>
            <title>true</title>
            <view display_value="Default view" name="NULL">Default view</view>
            <view_name/>
        </sys_ui_section>
    </sys_ui_section>
</record_update>
