<?xml version="1.0" encoding="UTF-8"?>
<record_update table="sys_user_role">
    <sys_user_role action="INSERT_OR_UPDATE">
        <assignable_by/>
        <can_delegate>true</can_delegate>
        <description/>
        <elevated_privilege>false</elevated_privilege>
        <encryption_context/>
        <grantable>true</grantable>
        <includes_roles/>
        <name>x_snc_aws_sns.admin</name>
        <scoped_admin>false</scoped_admin>
        <suffix>admin</suffix>
        <sys_class_name>sys_user_role</sys_class_name>
        <sys_created_by>ben.yukich</sys_created_by>
        <sys_created_on>2018-05-05 23:24:34</sys_created_on>
        <sys_id>9adfef8f13bd5f006b9054c32244b06b</sys_id>
        <sys_mod_count>0</sys_mod_count>
        <sys_name>x_snc_aws_sns.admin</sys_name>
        <sys_package display_value="AWS SNS" source="x_snc_aws_sns">24cd01fe13391f006b9054c32244b0f3</sys_package>
        <sys_policy/>
        <sys_scope display_value="AWS SNS">24cd01fe13391f006b9054c32244b0f3</sys_scope>
        <sys_update_name>sys_user_role_9adfef8f13bd5f006b9054c32244b06b</sys_update_name>
        <sys_updated_by>ben.yukich</sys_updated_by>
        <sys_updated_on>2018-05-05 23:24:34</sys_updated_on>
    </sys_user_role>
</record_update>
