<?xml version="1.0" encoding="UTF-8"?>
<record_update table="sys_scope_privilege">
    <sys_scope_privilege action="INSERT_OR_UPDATE">
        <operation>execute</operation>
        <source_scope display_value="AWS SNS">24cd01fe13391f006b9054c32244b0f3</source_scope>
        <status>allowed</status>
        <sys_class_name>sys_scope_privilege</sys_class_name>
        <sys_created_by>sns</sys_created_by>
        <sys_created_on>2018-05-07 00:57:44</sys_created_on>
        <sys_id>70ce09e71371df006b9054c32244b051</sys_id>
        <sys_mod_count>0</sys_mod_count>
        <sys_name>ScriptableGlideEvaluator.evaluateScript</sys_name>
        <sys_package display_value="AWS SNS" source="x_snc_aws_sns">24cd01fe13391f006b9054c32244b0f3</sys_package>
        <sys_policy/>
        <sys_scope display_value="AWS SNS">24cd01fe13391f006b9054c32244b0f3</sys_scope>
        <sys_update_name>sys_scope_privilege_70ce09e71371df006b9054c32244b051</sys_update_name>
        <sys_updated_by>sns</sys_updated_by>
        <sys_updated_on>2018-05-07 00:57:44</sys_updated_on>
        <target_name>ScriptableGlideEvaluator.evaluateScript</target_name>
        <target_scope display_value="Global">global</target_scope>
        <target_type>scriptable</target_type>
    </sys_scope_privilege>
</record_update>
