<?xml version="1.0" encoding="UTF-8"?>
<record_update table="sys_security_acl">
    <sys_security_acl action="INSERT_OR_UPDATE">
        <active>true</active>
        <admin_overrides>true</admin_overrides>
        <advanced>false</advanced>
        <condition/>
        <description>Default access control on x_snc_aws_sns_handler</description>
        <name>x_snc_aws_sns_handler</name>
        <operation display_value="read">read</operation>
        <script/>
        <sys_class_name>sys_security_acl</sys_class_name>
        <sys_created_by>ben.yukich</sys_created_by>
        <sys_created_on>2018-05-05 23:51:35</sys_created_on>
        <sys_id>0a06f34713fd5f006b9054c32244b0bd</sys_id>
        <sys_mod_count>0</sys_mod_count>
        <sys_name>x_snc_aws_sns_handler</sys_name>
        <sys_package display_value="AWS SNS" source="x_snc_aws_sns">24cd01fe13391f006b9054c32244b0f3</sys_package>
        <sys_policy/>
        <sys_scope display_value="AWS SNS">24cd01fe13391f006b9054c32244b0f3</sys_scope>
        <sys_update_name>sys_security_acl_0a06f34713fd5f006b9054c32244b0bd</sys_update_name>
        <sys_updated_by>ben.yukich</sys_updated_by>
        <sys_updated_on>2018-05-05 23:51:35</sys_updated_on>
        <type display_value="record">record</type>
    </sys_security_acl>
</record_update>
