<?xml version="1.0" encoding="UTF-8"?>
<record_update>
    <sys_ui_list parent="" relationship="" sys_domain="global" table="x_snc_aws_sns_handler" version="2" view="">
        <sys_ui_list_element action="INSERT_OR_UPDATE">
            <average_value>false</average_value>
            <element>name</element>
            <list_id display_value="x_snc_aws_sns_handler" element="NULL" name="x_snc_aws_sns_handler" parent="NULL" relationship="NULL" sys_domain="global" view="Default view">bb2945e31371df006b9054c32244b04a</list_id>
            <max_value>false</max_value>
            <min_value>false</min_value>
            <position>0</position>
            <sum>false</sum>
            <sys_created_by>ben.yukich</sys_created_by>
            <sys_created_on>2018-05-07 00:33:22</sys_created_on>
            <sys_id>372945e31371df006b9054c32244b04b</sys_id>
            <sys_mod_count>0</sys_mod_count>
            <sys_updated_by>ben.yukich</sys_updated_by>
            <sys_updated_on>2018-05-07 00:33:22</sys_updated_on>
        </sys_ui_list_element>
        <sys_ui_list_element action="INSERT_OR_UPDATE">
            <average_value>false</average_value>
            <element>script</element>
            <list_id display_value="x_snc_aws_sns_handler" element="NULL" name="x_snc_aws_sns_handler" parent="NULL" relationship="NULL" sys_domain="global" view="Default view">bb2945e31371df006b9054c32244b04a</list_id>
            <max_value>false</max_value>
            <min_value>false</min_value>
            <position>1</position>
            <sum>false</sum>
            <sys_created_by>ben.yukich</sys_created_by>
            <sys_created_on>2018-05-07 00:33:22</sys_created_on>
            <sys_id>bb2945e31371df006b9054c32244b04b</sys_id>
            <sys_mod_count>0</sys_mod_count>
            <sys_updated_by>ben.yukich</sys_updated_by>
            <sys_updated_on>2018-05-07 00:33:22</sys_updated_on>
        </sys_ui_list_element>
        <sys_ui_list action="INSERT_OR_UPDATE">
            <average_value>false</average_value>
            <element/>
            <max_value>false</max_value>
            <min_value>false</min_value>
            <name>x_snc_aws_sns_handler</name>
            <parent/>
            <position/>
            <relationship/>
            <sum>false</sum>
            <sys_class_name>sys_ui_list</sys_class_name>
            <sys_created_by>ben.yukich</sys_created_by>
            <sys_created_on>2018-05-07 00:33:22</sys_created_on>
            <sys_domain>global</sys_domain>
            <sys_domain_path>/</sys_domain_path>
            <sys_id>bb2945e31371df006b9054c32244b04a</sys_id>
            <sys_mod_count>0</sys_mod_count>
            <sys_name>x_snc_aws_sns_handler</sys_name>
            <sys_package display_value="AWS SNS" source="x_snc_aws_sns">24cd01fe13391f006b9054c32244b0f3</sys_package>
            <sys_policy/>
            <sys_scope display_value="AWS SNS">24cd01fe13391f006b9054c32244b0f3</sys_scope>
            <sys_update_name>sys_ui_list_x_snc_aws_sns_handler_null</sys_update_name>
            <sys_updated_by>ben.yukich</sys_updated_by>
            <sys_updated_on>2018-05-07 00:33:22</sys_updated_on>
            <sys_user/>
            <view display_value="Default view" name="NULL">Default view</view>
            <view_name/>
        </sys_ui_list>
    </sys_ui_list>
</record_update>
