<?xml version="1.0" encoding="UTF-8"?>
<record_update sys_domain="global" table="sys_app_module">
    <sys_app_module action="INSERT_OR_UPDATE">
        <active>true</active>
        <application display_value="AWS SNS">1bde6f4f13bd5f006b9054c32244b05e</application>
        <assessment/>
        <content_page/>
        <device_type/>
        <filter table="syslog_app_scope">sys_scope=24cd01fe13391f006b9054c32244b0f3^sys_created_onONToday@javascript:gs.beginningOfToday()@javascript:gs.endOfToday()^EQ<item display_table="sys_scope" display_value="AWS SNS" endquery="false" field="sys_scope" goto="false" newquery="false" operator="=" or="false" value="24cd01fe13391f006b9054c32244b0f3"/>
            <item endquery="false" field="sys_created_on" goto="false" newquery="false" operator="ON" or="false" value="Today@javascript:gs.beginningOfToday()@javascript:gs.endOfToday()"/>
            <item endquery="true" field="" goto="false" newquery="false" operator="=" or="false" value=""/>
        </filter>
        <hint/>
        <homepage/>
        <image/>
        <link_type>LIST</link_type>
        <map_page/>
        <mobile_title>Log</mobile_title>
        <mobile_view_name>Mobile</mobile_view_name>
        <name>syslog_app_scope</name>
        <order>300</order>
        <override_menu_roles>false</override_menu_roles>
        <query/>
        <report/>
        <roles/>
        <survey/>
        <survey_overwrite>true</survey_overwrite>
        <sys_class_name>sys_app_module</sys_class_name>
        <sys_created_by>ben.yukich</sys_created_by>
        <sys_created_on>2018-05-07 01:14:45</sys_created_on>
        <sys_domain>global</sys_domain>
        <sys_domain_path>/</sys_domain_path>
        <sys_id>6ac059eb1371df006b9054c32244b084</sys_id>
        <sys_mod_count>0</sys_mod_count>
        <sys_name>Log</sys_name>
        <sys_overrides/>
        <sys_package display_value="AWS SNS" source="x_snc_aws_sns">24cd01fe13391f006b9054c32244b0f3</sys_package>
        <sys_policy/>
        <sys_scope display_value="AWS SNS">24cd01fe13391f006b9054c32244b0f3</sys_scope>
        <sys_update_name>sys_app_module_6ac059eb1371df006b9054c32244b084</sys_update_name>
        <sys_updated_by>ben.yukich</sys_updated_by>
        <sys_updated_on>2018-05-07 01:14:45</sys_updated_on>
        <timeline_page/>
        <title>Log</title>
        <uncancelable>false</uncancelable>
        <view_name/>
        <window_name/>
    </sys_app_module>
</record_update>
