<?xml version="1.0" encoding="UTF-8"?>
<record_update>
    <sys_ui_form_sections form_id="84f77bc713fd5f006b9054c32244b01e" sys_domain="global" table="x_snc_aws_sns_subscription" version="3">
        <sys_ui_form_section action="INSERT_OR_UPDATE">
            <position>0</position>
            <sys_created_by>ben.yukich</sys_created_by>
            <sys_created_on>2018-05-05 23:59:55</sys_created_on>
            <sys_domain>global</sys_domain>
            <sys_domain_path>/</sys_domain_path>
            <sys_id>8cf77bc713fd5f006b9054c32244b020</sys_id>
            <sys_mod_count>0</sys_mod_count>
            <sys_overrides/>
            <sys_ui_form display_value="x_snc_aws_sns_subscription" name="x_snc_aws_sns_subscription" sys_domain="global" view="Default view">84f77bc713fd5f006b9054c32244b01e</sys_ui_form>
            <sys_ui_section caption="NULL" display_value="" name="x_snc_aws_sns_subscription" sys_domain="global" view="Default view">16b2ff4313fd5f006b9054c32244b019</sys_ui_section>
            <sys_updated_by>ben.yukich</sys_updated_by>
            <sys_updated_on>2018-05-05 23:59:55</sys_updated_on>
        </sys_ui_form_section>
        <sys_ui_form_section action="INSERT_OR_UPDATE">
            <position>1</position>
            <sys_created_by>ben.yukich</sys_created_by>
            <sys_created_on>2018-05-05 23:59:55</sys_created_on>
            <sys_domain>global</sys_domain>
            <sys_domain_path>/</sys_domain_path>
            <sys_id>88f77bc713fd5f006b9054c32244b021</sys_id>
            <sys_mod_count>0</sys_mod_count>
            <sys_overrides/>
            <sys_ui_form display_value="x_snc_aws_sns_subscription" name="x_snc_aws_sns_subscription" sys_domain="global" view="Default view">84f77bc713fd5f006b9054c32244b01e</sys_ui_form>
            <sys_ui_section caption="Resource Names" display_value="Resource Names" name="x_snc_aws_sns_subscription" sys_domain="global" view="Default view">44f77bc713fd5f006b9054c32244b01d</sys_ui_section>
            <sys_updated_by>ben.yukich</sys_updated_by>
            <sys_updated_on>2018-05-05 23:59:55</sys_updated_on>
        </sys_ui_form_section>
        <sys_ui_form action="INSERT_OR_UPDATE">
            <name>x_snc_aws_sns_subscription</name>
            <roles/>
            <sys_class_name>sys_ui_form</sys_class_name>
            <sys_created_by>ben.yukich</sys_created_by>
            <sys_created_on>2018-05-05 23:59:55</sys_created_on>
            <sys_domain>global</sys_domain>
            <sys_domain_path>/</sys_domain_path>
            <sys_id>84f77bc713fd5f006b9054c32244b01e</sys_id>
            <sys_mod_count>0</sys_mod_count>
            <sys_name>x_snc_aws_sns_subscription</sys_name>
            <sys_overrides/>
            <sys_package display_value="AWS SNS" source="x_snc_aws_sns">24cd01fe13391f006b9054c32244b0f3</sys_package>
            <sys_policy/>
            <sys_scope display_value="AWS SNS">24cd01fe13391f006b9054c32244b0f3</sys_scope>
            <sys_update_name>sys_ui_form_sections_84f77bc713fd5f006b9054c32244b01e</sys_update_name>
            <sys_updated_by>ben.yukich</sys_updated_by>
            <sys_updated_on>2018-05-05 23:59:55</sys_updated_on>
            <sys_user/>
            <view display_value="Default view" name="NULL">Default view</view>
            <view_name/>
        </sys_ui_form>
    </sys_ui_form_sections>
</record_update>
