<?xml version="1.0" encoding="UTF-8"?>
<record_update sys_domain="global" table="sys_ui_action">
    <sys_ui_action action="INSERT_OR_UPDATE">
        <action_name/>
        <active>true</active>
        <client>false</client>
        <comments/>
        <condition>current.state == 2 &amp;&amp; !gs.nil(current.subscribe_url)</condition>
        <form_action>true</form_action>
        <form_button>true</form_button>
        <form_context_menu>false</form_context_menu>
        <form_link>false</form_link>
        <form_style>primary</form_style>
        <hint/>
        <list_action>false</list_action>
        <list_banner_button>false</list_banner_button>
        <list_button>false</list_button>
        <list_choice>false</list_choice>
        <list_context_menu>false</list_context_menu>
        <list_link>false</list_link>
        <list_save_with_form_button>false</list_save_with_form_button>
        <list_style/>
        <name>Re-confirm Subscription</name>
        <onclick/>
        <order>100</order>
        <script><![CDATA[(function() {
	var request = new sn_ws.RESTMessageV2();
	request.setEndpoint(current.subscribe_url);
	request.setHttpMethod('GET');
	var response = request.execute();
	
	var xmlDoc = new XMLDocument2();
	xmlDoc.parseXML(response.getBody());
	var node = xmlDoc.getNode('//SubscriptionArn');
	var subscriptionArn = node.getTextContent();
	
	current.setValue('subscription_arn', subscriptionArn);
	current.setValue('state', '1'); // Subscribed
	current.update();
	action.setRedirectURL(current);
}());]]></script>
        <show_insert>false</show_insert>
        <show_multiple_update>false</show_multiple_update>
        <show_query>false</show_query>
        <show_update>true</show_update>
        <sys_class_name>sys_ui_action</sys_class_name>
        <sys_created_by>ben.yukich</sys_created_by>
        <sys_created_on>2018-05-06 00:03:57</sys_created_on>
        <sys_domain>global</sys_domain>
        <sys_domain_path>/</sys_domain_path>
        <sys_id>07d8370b13fd5f006b9054c32244b042</sys_id>
        <sys_mod_count>0</sys_mod_count>
        <sys_name>Re-confirm Subscription</sys_name>
        <sys_overrides/>
        <sys_package display_value="AWS SNS" source="x_snc_aws_sns">24cd01fe13391f006b9054c32244b0f3</sys_package>
        <sys_policy/>
        <sys_scope display_value="AWS SNS">24cd01fe13391f006b9054c32244b0f3</sys_scope>
        <sys_update_name>sys_ui_action_07d8370b13fd5f006b9054c32244b042</sys_update_name>
        <sys_updated_by>ben.yukich</sys_updated_by>
        <sys_updated_on>2018-05-06 00:03:57</sys_updated_on>
        <table>x_snc_aws_sns_subscription</table>
        <ui11_compatible>true</ui11_compatible>
        <ui16_compatible>true</ui16_compatible>
    </sys_ui_action>
</record_update>
